,datetime,open,high,low,close,volume,rsi,ema1,ema2,ema_cross,rsi_ov,reversal
0,2022-03-03 16:00:00,95.905,96.2425,94.0,94.945,3129742.40445,,,,0,0,0
1,2022-03-03 20:00:00,94.945,96.3975,94.0425,95.6275,1639990.401225,,,,0,0,0
2,2022-03-04 00:00:00,95.6275,95.91,90.5125,91.505,3171198.7655,,,,0,0,0
3,2022-03-04 04:00:00,91.505,92.23,90.85,91.9475,1999073.007225,,,,0,0,0
4,2022-03-04 08:00:00,91.9475,93.875,90.53,93.0875,2411129.688275,,,,0,0,0
5,2022-03-04 12:00:00,93.0875,93.8075,90.665,91.2825,3417650.961975,,,,0,0,0
6,2022-03-04 16:00:00,91.2825,92.8675,88.35,88.655,2266887.962825,,,,0,0,0
7,2022-03-04 20:00:00,88.665,89.37,86.95,88.3,2165337.203975,,,,0,0,0
8,2022-03-05 00:00:00,88.3,88.37,85.9425,87.7,1918993.21655,,,,0,0,0
9,2022-03-05 04:00:00,87.7,89.1825,86.875,88.8275,1158124.763275,,90.60547397244189,,0,0,0
10,2022-03-05 08:00:00,88.8275,89.0975,87.8175,88.7175,862762.992325,,90.26220597745245,,0,0,0
11,2022-03-05 12:00:00,88.7175,89.765,87.835,89.1175,812445.457075,,90.05407761791564,,0,0,0
12,2022-03-05 16:00:00,89.1175,91.185,89.1175,90.1275,1742751.979325,,90.06742714193098,,0,0,0
13,2022-03-05 20:00:00,90.1275,90.455,89.025,89.5925,947011.365175,36.13584327267922,89.98107675248897,,0,0,0
14,2022-03-06 00:00:00,89.5925,89.905,87.4725,87.6875,1090951.2757,29.3346026612722,89.56406279749096,,0,2,0
15,2022-03-06 04:00:00,87.6875,88.885,86.645,88.3375,910500.8574,33.90566597162437,89.34105137976533,,0,0,0
16,2022-03-06 08:00:00,88.3375,88.44,85.715,86.97,1259435.1018,29.571700979317868,88.9099511288989,,0,2,0
17,2022-03-06 12:00:00,86.97,88.2225,86.4925,87.24,890787.82865,31.43522622133058,88.60632365091728,,0,0,0
18,2022-03-06 16:00:00,87.24,88.2475,84.87,85.37,1584678.955425,26.25386516565115,88.01790116893233,,0,2,0
19,2022-03-06 20:00:00,85.37,86.555,84.0725,84.5525,1513654.539275,24.36328963406845,87.38782822912644,89.09966772581652,0,2,0
20,2022-03-07 00:00:00,84.5525,84.725,81.435,82.2625,2617443.7176,20.01524414747142,86.45595036928526,88.44850889478639,0,2,0
21,2022-03-07 04:00:00,82.2625,83.345,81.185,81.81,1781968.021075,19.282927505460847,85.6112321203243,87.81626995242577,0,2,0
22,2022-03-07 08:00:00,81.81,83.3,81.29,83.1125,1418536.982925,27.505146163026353,85.15691718935624,87.36829186171855,0,2,0
23,2022-03-07 12:00:00,83.1125,86.7,83.1125,85.065,2268573.62725,37.743017777550406,85.14020497310965,87.14893073203106,0,0,0
24,2022-03-07 16:00:00,85.065,86.0025,80.0175,80.3275,2416288.19435,27.569446856039164,84.26516770527152,86.49927066231382,0,2,0
25,2022-03-07 20:00:00,80.3275,82.9575,79.9125,81.6875,2273172.564775,33.140937987300006,83.79650084976761,86.0410067897125,0,0,0
26,2022-03-08 00:00:00,81.6875,84.57,81.3275,83.47,1713848.8781,39.68911834084755,83.73713705890076,85.79614900021608,0,0,0
27,2022-03-08 04:00:00,83.47,84.1675,82.5325,83.0075,1112047.125625,38.631879588044825,83.60447577546425,85.53056338114789,0,0,0
28,2022-03-08 08:00:00,83.0075,84.9575,82.6825,83.895,1321121.04555,41.83382159087408,83.65729836174347,85.37479544008617,0,0,0
29,2022-03-08 12:00:00,83.895,84.5375,81.7875,82.7725,2112280.12745,39.05804915787842,83.49642593233555,85.12695777912559,0,0,0
30,2022-03-08 16:00:00,82.7725,85.0175,81.3525,82.96,5428090.872175,39.77686768846573,83.39889394463817,84.92058084778029,0,0,0
31,2022-03-08 20:00:00,82.96,83.1625,81.36,82.2975,1611624.102525,38.068286822189876,83.1986405001585,84.67076362418217,0,0,0
32,2022-03-09 00:00:00,82.2975,88.515,81.93,88.15,4593166.261525,56.03451906094864,84.09888768194787,85.00211946949815,0,0,0
33,2022-03-09 04:00:00,88.15,89.6,86.99,89.2425,2728703.5033,58.45724303559818,85.0340899215937,85.40596523430786,0,0,0
34,2022-03-09 08:00:00,89.2425,89.895,87.8975,88.205,2292920.325175,55.3385595388173,85.61061902675849,85.67253997389759,0,0,0
35,2022-03-09 12:00:00,88.205,89.255,86.5175,88.9,3982014.9809,56.993742497733095,86.20868829462057,85.97991711924068,1,0,0
36,2022-03-09 16:00:00,88.9,89.395,86.065,86.9775,3377751.29405,51.3270950622501,86.34847224105319,86.07492501264633,0,0,0
37,2022-03-09 20:00:00,86.9775,88.8725,86.1125,88.0775,1315228.9455,54.13688336928703,86.66284092449806,86.26564644001336,0,0,0
38,2022-03-10 00:00:00,88.075,88.5775,85.3,85.3,1920613.62725,46.791720737021706,86.41505166549841,86.17368011239304,0,0,0
39,2022-03-10 04:00:00,85.3,85.48,81.9525,82.6675,1846952.81205,41.09993783547451,85.73367863540778,85.83975819692704,2,0,0
40,2022-03-10 08:00:00,82.6675,83.16,81.875,82.0725,1041319.48385,39.918035106827936,85.06800979260636,85.4809717019816,0,0,0
41,2022-03-10 12:00:00,82.0725,83.9225,80.54,81.95,3358608.8078,39.66513251151424,84.50109892122339,85.14468868274525,0,0,0
42,2022-03-10 16:00:00,81.95,82.71,81.68,82.4275,1136525.77825,41.228190755246075,84.1240809355464,84.8859088081981,0,0,0
43,2022-03-10 20:00:00,82.4275,83.98,82.02,82.8875,3375815.10225,42.76643995540083,83.89924803817433,84.69558415979827,0,0,0
44,2022-03-11 00:00:00,82.8875,83.1525,80.7625,81.9125,1823325.419025,40.355471486288096,83.53802112214262,84.43052852553177,0,0,0
45,2022-03-11 04:00:00,81.9125,82.6275,80.25,82.2525,2086486.577525,41.59204354102615,83.30429000902578,84.22309723738589,0,0,0
46,2022-03-11 08:00:00,82.2525,83.865,81.23,83.315,2239483.959225,45.40151000466354,83.30623728011199,84.13661178620627,0,0,0
47,2022-03-11 12:00:00,83.315,84.3,81.33,81.74,1937539.864825,41.12013760456958,83.02146686554616,83.90836304466282,0,0,0
48,2022-03-11 16:00:00,81.74,81.7675,80.3875,80.555,1486349.9436,38.20127881536987,82.57301834453776,83.58899513564731,0,0,0
49,2022-03-11 20:00:00,80.555,81.59,80.06,80.6775,906963.4789,38.6858102312812,82.2283786455309,83.31170988463327,0,0,0
50,2022-03-12 00:00:00,80.6775,82.7175,80.61,81.8175,595794.0377,43.15270482350624,82.15367343725255,83.16940418133487,0,0,0
51,2022-03-12 04:00:00,81.8175,82.455,81.3525,81.715,707248.342475,42.85042888300328,82.07391463047935,83.0308894973982,0,0,0
52,2022-03-12 08:00:00,81.715,81.7475,80.6075,81.105,808096.816575,41.00936338621428,81.89774833402856,82.84747145002694,0,0,0
53,2022-03-12 12:00:00,81.11,82.32,80.935,81.7,990642.259025,43.55676700630713,81.86179409147792,82.73818845478628,0,0,0
54,2022-03-12 16:00:00,81.7,82.41,81.51,81.645,482220.159475,43.37032756704299,81.82237698393648,82.63407526861616,0,0,0
55,2022-03-12 20:00:00,81.645,82.175,81.3025,81.4225,477365.99595,42.57636012996805,81.7496720777662,82.51868714779556,0,0,0
56,2022-03-13 00:00:00,81.4225,82.59,81.04,82.5775,1536995.36685,47.90751964892463,81.90018624544507,82.52428837181502,0,0,0
57,2022-03-13 04:00:00,82.5775,83.355,81.6825,81.7425,905022.318575,44.67816693734383,81.87151601900051,82.44983233640406,0,0,0
58,2022-03-13 08:00:00,81.7425,81.805,80.8025,81.0575,863832.848425,42.167012585873834,81.72351310645496,82.31722925674653,0,0,0
59,2022-03-13 12:00:00,81.0575,81.655,80.055,81.205,1314650.912225,42.911086317673465,81.62923799619041,82.21130266086591,0,0,0
60,2022-03-13 16:00:00,81.205,81.4475,80.32,80.4525,633024.1037,40.0780868345543,81.4152856332467,82.04379764554534,0,0,0
61,2022-03-13 20:00:00,80.4525,80.4525,77.6275,78.7125,2056572.58055,34.419488966927275,80.92387006356547,81.72653120311244,0,0,0
62,2022-03-14 00:00:00,78.715,79.9175,78.0025,79.5125,1037892.444325,38.70453614364991,80.66725732473537,81.5156710885303,0,0,0
63,2022-03-14 04:00:00,79.5125,81.655,79.5125,80.9,1199680.14495,45.37149554469329,80.70957417478348,81.45703574676551,0,0,0
64,2022-03-14 08:00:00,80.9,82.2425,80.8,80.9125,910746.003775,45.429082277110254,80.74646977936831,81.40517519945452,0,0,0
65,2022-03-14 12:00:00,80.9125,81.4575,80.1475,80.9725,1355313.2719,45.72483597993189,80.78756618311952,81.3639680376017,0,0,0
66,2022-03-14 16:00:00,80.9725,81.0225,78.545,79.925,1109448.0006,41.496514339101985,80.63073596800687,81.22692346259201,0,0,0
67,2022-03-14 20:00:00,79.925,81.42,79.1625,81.2225,873239.416275,47.92071227770047,80.73832942836925,81.22650218044039,0,0,0
68,2022-03-15 00:00:00,81.2225,81.535,79.3325,79.6675,638642.77745,41.97222095877497,80.54363316866575,81.07802578230321,0,0,0
69,2022-03-15 04:00:00,79.6675,80.385,78.7775,79.325,393726.840175,40.77173354641842,80.32206350163561,80.91107094589339,0,0,0
70,2022-03-15 08:00:00,79.325,80.49,78.9725,80.1325,580490.175225,44.781739521911135,80.28759741042913,80.83692133199877,0,0,0
71,2022-03-15 12:00:00,80.1325,81.2225,79.6125,81.0875,813799.166075,49.165251536088036,80.43303424489656,80.86078596704651,0,0,0
72,2022-03-15 16:00:00,81.0875,85.9875,80.7025,84.55,2540221.890825,61.193767635064184,81.18157347309719,81.21213968447066,0,0,0
73,2022-03-15 20:00:00,84.5525,85.2075,82.76,82.8675,1486581.919825,54.451428040422904,81.4881055688977,81.3697930478544,1,0,1
74,2022-03-16 00:00:00,82.8675,86.365,82.1825,82.39,2616480.454875,52.67751749144551,81.65208637455265,81.4669556147254,0,0,0
75,2022-03-16 04:00:00,82.39,82.9375,81.525,82.8025,963755.60095,54.069578078411226,81.86125248827034,81.59415031808489,0,0,0
76,2022-03-16 08:00:00,82.8025,84.565,82.745,84.2325,1087912.427775,58.61458643082602,82.2923883994939,81.84542171636251,0,0,0
77,2022-03-16 12:00:00,84.2325,84.9675,82.755,83.9175,1448423.4709,57.27020595890771,82.58786323594956,82.04276250528036,0,0,0
78,2022-03-16 16:00:00,83.9175,86.105,82.2025,85.7925,2293605.866675,62.74729394414647,83.1705244657769,82.39988036192032,0,0,0
79,2022-03-16 20:00:00,85.7925,87.9675,85.5775,87.7725,967621.336125,67.48674430636262,84.00724729018108,82.91155842268982,0,0,0
80,2022-03-17 00:00:00,87.7725,89.2075,86.95,87.985,1783542.8995,67.95790546213856,84.7304750556027,83.39474333481459,0,0,0
81,2022-03-17 04:00:00,87.985,88.94,86.755,87.2225,1133162.2255,64.35418252543369,85.18357050003857,83.75929158864177,0,0,0
82,2022-03-17 08:00:00,87.2225,87.8,86.585,87.6575,682364.04225,65.47886660433255,85.63337586366792,84.13054953258064,0,0,0
83,2022-03-17 12:00:00,87.6575,90.695,87.5725,89.325,2453029.0278,69.45712633022941,86.30458025209194,84.62525910090629,0,0,0
84,2022-03-17 16:00:00,89.325,90.82,88.6725,90.82,1704207.52095,72.51528084289126,87.1255656608025,85.2152344246295,0,1,0
85,2022-03-17 20:00:00,90.82,91.005,87.6675,87.8175,1192248.13025,59.606880431430234,87.25137190429295,85.46306924133145,0,0,0
86,2022-03-18 00:00:00,87.8175,88.125,85.655,85.9075,1816977.384625,53.12798095979894,87.00703155805788,85.50539598025227,0,0,0
87,2022-03-18 04:00:00,85.9075,87.115,85.5525,85.76,1230285.2405,52.652028807878764,86.7802985475019,85.52964398213302,0,0,0
88,2022-03-18 08:00:00,85.765,86.59,84.4525,84.9875,1211695.677525,50.11959175536791,86.45433517522882,85.47801122192988,0,0,0
89,2022-03-18 12:00:00,84.9875,88.3,84.67,88.295,2164462.49205,59.173767183756546,86.7890015070054,85.74629586746036,0,0,0
90,2022-03-18 16:00:00,88.295,92.2675,88.235,91.1175,3561204.47695,65.01056461454931,87.5760012330044,86.25783911817842,0,0,0
91,2022-03-18 20:00:00,91.1175,91.6975,88.89,89.8075,1943024.9271,60.67480001362621,87.98172828154905,86.5959020593043,0,0,0
92,2022-03-19 00:00:00,89.8125,92.3325,89.3525,90.285,2622466.546275,61.6780656644646,88.40050495763103,86.94724472032294,0,0,0
93,2022-03-19 04:00:00,90.285,90.82,89.26,89.355,1081402.507325,58.54527682206075,88.57404951078902,87.17655474695886,0,0,0
94,2022-03-19 08:00:00,89.355,91.0075,89.2725,90.74,1104935.08005,61.66786622621076,88.96785869064556,87.51593048534372,0,0,0
95,2022-03-19 12:00:00,90.74,94.215,90.4025,94.05,4591051.45265,67.89245741067342,89.89188438325544,88.13822282007288,0,0,0
96,2022-03-19 16:00:00,94.05,94.545,92.3275,92.625,3633904.45495,63.138923817851854,90.38881449539082,88.5655349324469,0,0,0
97,2022-03-19 20:00:00,92.625,93.405,91.1725,92.335,1865062.00545,62.18470833835573,90.74266640531977,88.9245316055472,0,0,0
98,2022-03-20 00:00:00,92.335,92.54,90.35,90.8025,1237716.48935,57.25992398764626,90.75354524071616,89.10338573835222,0,0,0
99,2022-03-20 04:00:00,90.8025,91.5475,90.3475,91.03,924588.238925,57.794291944647966,90.80380974240413,89.2868728108901,0,0,0
100,2022-03-20 08:00:00,91.03,91.6325,89.6025,89.9625,1255538.476675,54.359862242403516,90.65084433469428,89.351218257472,0,0,0
101,2022-03-20 12:00:00,89.9625,90.6525,88.97,89.185,1272159.3907,51.938944671734895,90.38432718293168,89.33538794723657,0,0,0
102,2022-03-20 16:00:00,89.185,89.885,87.88,89.5,1897260.757375,52.85502157962431,90.22354042239866,89.35106528559498,0,0,0
103,2022-03-20 20:00:00,89.5,90.3,88.32,88.595,1147627.09375,49.91153366756767,89.92744216378071,89.27905906791928,0,0,0
104,2022-03-21 00:00:00,88.595,89.195,86.755,87.6975,1505825.592225,47.10961138340992,89.5219981340024,89.12843439478411,0,0,0
105,2022-03-21 04:00:00,87.6975,89.72,87.56,89.6225,1088833.0978,53.18063162346074,89.54027120054742,89.17548826194752,0,0,0
106,2022-03-21 08:00:00,89.6225,91.18,89.38,89.8575,1692699.641975,53.876660848916536,89.59794916408426,89.24044176080966,0,0,0
107,2022-03-21 12:00:00,89.8575,91.2375,88.59,89.595,2254449.326375,52.93009522310869,89.59741295243256,89.27420921216111,0,0,0
108,2022-03-21 16:00:00,89.595,89.64,87.495,88.725,1096280.803425,49.8067980435911,89.43879241562664,89.22190357290768,0,0,0
109,2022-03-21 20:00:00,88.725,89.2125,88.215,88.5575,560194.53005,49.20479552635085,89.27855743096725,89.15862704215456,0,0,0
110,2022-03-22 00:00:00,88.5575,91.7175,87.985,90.9825,1978516.380125,57.25920797399924,89.58836517079139,89.33232922861603,0,0,0
111,2022-03-22 04:00:00,90.9825,92.3825,89.52,90.2425,2150710.804375,54.423246930248965,89.70729877610204,89.41901215922402,0,0,0
112,2022-03-22 08:00:00,90.2425,92.24,90.0275,91.995,1469679.588825,59.534744948773636,90.12324445317438,89.66434433453603,0,0,0
113,2022-03-22 12:00:00,91.995,93.965,91.0325,92.57,2716843.8952,61.07716882148148,90.56810909805176,89.9410734455326,0,0,0
114,2022-03-22 16:00:00,92.57,93.5975,91.39,91.39,1327223.252325,56.33176010758457,90.7175438074969,90.07906645071996,0,0,0
115,2022-03-22 20:00:00,91.39,92.42,90.27,90.4375,849346.25355,52.767811223109234,90.66662675158835,90.11320297922283,0,0,0
116,2022-03-23 00:00:00,90.4375,91.3125,89.2225,90.1,1037697.52855,51.52392527048198,90.56360370584503,90.11194555263019,0,0,0
117,2022-03-23 04:00:00,90.1,91.75,89.66,91.125,1117667.052175,54.99383563788725,90.66567575932774,90.20842692857018,0,0,0
118,2022-03-23 08:00:00,91.125,91.765,90.6,91.335,586415.0173,55.693577105180324,90.78737107581361,90.31571960203968,0,0,0
119,2022-03-23 12:00:00,91.335,96.28,90.935,95.685,3802270.21695,67.1032510863152,91.67784906202931,90.82707963994066,0,0,0
120,2022-03-23 16:00:00,95.685,96.0725,92.555,92.7725,3425557.8102,56.59468307369469,91.8768765052967,91.01235776947011,0,0,0
121,2022-03-23 20:00:00,92.7725,95.17,92.645,94.89,1215630.435425,61.3355132200196,92.4247171406973,91.38165702952058,0,0,0
122,2022-03-24 00:00:00,94.89,95.93,93.4175,94.6325,2179876.396175,60.47055738333119,92.82613220602505,91.6912611219472,0,0,0
123,2022-03-24 04:00:00,94.6325,97.5575,94.615,97.1,1731780.87025,65.49238181740363,93.60319907765685,92.20637911033319,0,0,0
124,2022-03-24 08:00:00,97.0975,101.82,96.6775,100.0575,5143885.485,70.35379195342966,94.7767083362647,92.95410490934908,0,1,0
125,2022-03-24 12:00:00,100.0575,102.175,98.2325,101.61,4896715.332175,72.5406895355939,96.0191250023984,93.77847587036345,0,1,0
126,2022-03-24 16:00:00,101.6125,103.67,100.6275,102.87,3100841.100175,74.20386314215737,97.26473863832595,94.64433531128122,0,1,0
127,2022-03-24 20:00:00,102.87,103.4775,101.5,102.305,1608240.54985,72.09515430165581,98.18114979499396,95.37392242449255,0,1,0
128,2022-03-25 00:00:00,102.305,104.6925,100.84,103.46,3871401.074125,73.73814007668723,99.14094074135869,96.14402505073136,0,1,0
129,2022-03-25 04:00:00,103.465,104.825,102.675,102.87,2741412.88045,71.42470485604248,99.8189515156571,96.78459409351885,0,1,0
130,2022-03-25 08:00:00,102.87,104.415,101.525,104.245,2302555.6791,73.51051176657796,100.62368760371945,97.49510894175515,0,1,0
131,2022-03-25 12:00:00,104.245,104.48,99.6775,100.2625,4007996.388275,59.87767906748719,100.5580171303159,97.75866999492132,0,0,0
132,2022-03-25 16:00:00,100.2625,100.8075,97.065,98.48,2643983.54495,54.96434645870924,100.18019583389483,97.82736809064309,0,0,0
133,2022-03-25 20:00:00,98.48,99.2125,97.8225,98.5775,684081.627825,55.180983784766454,99.88879659136849,97.89880922486756,0,0,0
134,2022-03-26 00:00:00,98.5775,99.1975,97.6475,98.925,999394.058175,55.993493544411436,99.71356084748331,97.99654167964209,0,0,0
135,2022-03-26 04:00:00,98.925,101.47,98.57,101.21,1790187.62675,61.00012435769508,99.98564069339542,98.30258532919999,0,0,0
136,2022-03-26 08:00:00,101.21,101.4525,99.9575,100.385,1086451.1331,58.416002799314356,100.05825147641443,98.50091053594285,0,0,0
137,2022-03-26 12:00:00,100.385,101.925,99.71,101.2,1392399.21145,60.20929949109171,100.26584211706634,98.75796667537686,0,0,0
138,2022-03-26 16:00:00,101.2,103.2975,101.15,102.7125,2822679.693825,63.366664795098266,100.71068900487245,99.13458889676954,0,0,0
139,2022-03-26 20:00:00,102.7125,103.3675,101.21,101.72,1924146.694825,60.00209547493882,100.89420009489564,99.38081852564864,0,0,0
140,2022-03-27 00:00:00,101.72,102.965,101.34,101.78,1568275.116375,60.13988385974976,101.05525462309643,99.60931199939638,0,0,0
141,2022-03-27 04:00:00,101.78,102.4175,101.0775,102.205,832429.436125,61.160520451604896,101.26429923707889,99.85652038040625,0,0,0
142,2022-03-27 08:00:00,102.205,102.4225,100.2275,100.45,1413036.926025,54.90818155701399,101.11624483033727,99.91304224893899,0,0,0
143,2022-03-27 12:00:00,100.44,101.5575,98.775,101.45,2107719.442925,57.56984718360242,101.17692758845774,100.05941917761147,0,0,0
144,2022-03-27 16:00:00,101.45,103.37,100.94,103.225,1520113.044425,61.87197311043782,101.54930439055633,100.360903065458,0,0,0
145,2022-03-27 20:00:00,103.225,107.395,101.8025,107.0075,3398770.936225,69.0691965599586,102.54170359227335,100.99391229731914,0,0,0
146,2022-03-28 00:00:00,107.0075,107.6625,104.585,106.8425,3684856.167325,68.4620961336067,103.32366657549636,101.55092064995542,0,0,0
147,2022-03-28 04:00:00,106.8425,111.9,105.925,108.9025,4802646.706925,71.79532540327557,104.33799992540611,102.25107106424538,0,1,0
148,2022-03-28 08:00:00,108.9025,111.6275,107.6325,110.0225,5119802.676275,73.43898726237573,105.37154539351408,102.99120715336485,0,1,0
149,2022-03-28 12:00:00,110.0225,113.835,109.215,109.9425,6329712.6597,73.11124517737201,106.20262804923878,103.65323504352058,0,1,0
150,2022-03-28 16:00:00,109.94,112.9975,108.87,111.375,4464470.571625,75.24189582326468,107.14305931301354,104.38864122985196,0,1,0
151,2022-03-28 20:00:00,111.375,113.0225,105.445,105.79,4317915.394025,56.458175136713905,106.89704852882925,104.52210396986605,0,0,0
152,2022-03-29 00:00:00,105.79,110.4525,105.53,109.15,3446746.34265,62.52022675462425,107.3066760690421,104.96285597273595,0,0,0
153,2022-03-29 04:00:00,109.15,111.69,108.575,109.885,2184963.1293,63.71044709023203,107.77546223830717,105.43163159438015,0,0,0
154,2022-03-29 08:00:00,109.885,113.665,109.83,113.3325,2725775.9788,68.72696195797015,108.78583274043314,106.18409525205823,0,0,0
155,2022-03-29 12:00:00,113.34,115.71,111.25,111.585,4952130.315425,63.90469916708412,109.29477224217257,106.69846713281459,0,0,0
156,2022-03-29 16:00:00,111.585,114.155,108.9075,113.8425,7388043.2637,67.11480537572452,110.12163183450483,107.37885121540367,0,0,0
157,2022-03-29 20:00:00,113.8425,113.935,109.25,111.58,2518376.699725,61.2368400455555,110.38678968277668,107.77896062346046,0,0,0
158,2022-03-30 00:00:00,111.58,111.615,107.08,110.7175,3749259.468575,59.111464858119604,110.44691883136272,108.05882151646423,0,0,0
159,2022-03-30 04:00:00,110.7175,112.8725,109.59,112.295,2411735.41185,61.727844178063705,110.78293358929677,108.46226708632479,0,0,0
160,2022-03-30 08:00:00,112.295,112.88,110.6475,112.175,1984316.3003,61.405955124302395,111.03603657306098,108.815860697151,0,0,0
161,2022-03-30 12:00:00,112.175,125.2725,111.54,122.6325,13566196.86525,74.08737376804908,113.14448446886807,110.13173110694613,0,1,0
162,2022-03-30 16:00:00,122.6325,125.0975,119.6375,121.105,6124651.607025,70.44618614822934,114.59185092907387,111.17680433485603,0,1,0
163,2022-03-30 20:00:00,121.105,121.4275,119.1025,120.79,2335208.43125,69.68558699415303,115.7187871237877,112.09234677915545,0,0,0
164,2022-03-31 00:00:00,120.79,123.8525,119.925,121.2375,3275057.692975,70.17819274787458,116.72218946491721,112.9633137525692,0,1,0
165,2022-03-31 04:00:00,121.2375,123.565,120.395,123.2925,1963403.7142,72.39648222348869,117.9167913803868,113.94704577613403,0,1,0
166,2022-03-31 08:00:00,123.2925,127.9825,122.4375,127.245,5876122.1821,76.08167167038295,119.61282931122555,115.21351760697841,0,1,0
167,2022-03-31 12:00:00,127.245,129.525,121.6,125.275,9393426.46775,70.99425155322743,120.64231489100273,116.17175402536142,0,1,0
168,2022-03-31 16:00:00,125.275,127.4675,121.8275,122.935,8734644.6745,65.40014680201473,121.05916672900221,116.81587268961272,0,0,0
169,2022-03-31 20:00:00,122.935,125.5675,122.1975,122.7525,3017186.256775,64.97016205093423,121.36704550554725,117.38126576679245,0,0,0
170,2022-04-01 00:00:00,122.7525,124.9025,117.545,121.885,6126767.2379,62.85470872801052,121.46121904999319,117.81019283662175,0,0,0
171,2022-04-01 04:00:00,122.005,126.41,119.78,126.3525,5258811.174075,68.53640043019038,122.35054285908532,118.62374589980064,0,0,0
172,2022-04-01 08:00:00,126.3525,127.0725,124.0075,124.3675,3782943.787575,63.862289514480466,122.71726233925162,119.17077009981962,0,0,0
173,2022-04-01 12:00:00,124.3675,133.6725,122.1025,132.65,9502124.160075,72.33905775235866,124.52321464120587,120.45450628078919,0,1,0
174,2022-04-01 16:00:00,132.65,137.535,132.1525,137.3475,5770925.77355,75.805446836681,126.85490288825933,122.06336282547593,0,1,0
175,2022-04-01 20:00:00,137.3475,138.385,133.415,134.4325,4421154.06865,69.94758011250781,128.23264781766673,123.24137588971632,0,0,0
176,2022-04-02 00:00:00,134.4325,137.2225,133.0775,134.655,4250844.850525,70.13727023560061,129.4003482144546,124.32838770974334,0,1,0
177,2022-04-02 04:00:00,134.6725,136.3075,134.15,135.7825,1506093.885675,71.1316636635561,130.56073944819013,125.41925554691065,0,1,0
178,2022-04-02 08:00:00,135.7825,138.4175,135.0025,137.67,2662126.667575,72.76654620834547,131.8533322757919,126.58599311387154,0,1,0
179,2022-04-02 12:00:00,137.67,143.48,136.2575,137.8775,8365319.316275,72.94792280256502,132.94863549837518,127.66137472207424,0,1,0
180,2022-04-02 16:00:00,137.8775,140.47,134.4025,135.845,5645986.2835,68.15940148949151,133.47524722594332,128.4407676056862,0,0,0
181,2022-04-02 20:00:00,135.845,137.455,131.37,132.4525,4384041.376025,60.965764705333854,133.28929318486271,128.82283735752563,0,0,0
182,2022-04-03 00:00:00,132.4525,136.1125,130.6575,135.3825,4784345.698525,64.4550252175456,133.6698762421604,129.44756713299938,0,0,0
183,2022-04-03 04:00:00,135.3825,138.985,135.375,137.4725,3146697.199525,66.73897572304918,134.3612623799494,130.2118464536661,0,0,0
184,2022-04-03 08:00:00,137.4725,141.15,136.3,139.0925,3360724.97105,68.43216935942516,135.22148740177678,131.0576229818884,0,0,0
185,2022-04-03 12:00:00,139.0925,139.98,135.6125,136.045,3667035.701175,62.03455493497254,135.37121696509007,131.5326112693276,0,0,0
186,2022-04-03 16:00:00,136.045,136.9075,134.11,135.2875,2495155.2642,60.520016161723866,135.35599569871005,131.89021971986782,0,0,0
187,2022-04-03 20:00:00,135.2875,139.425,135.0325,136.8275,3011996.102075,62.52324897702585,135.6235419353082,132.3604368894042,0,0,0
188,2022-04-04 00:00:00,136.83,137.375,134.16,135.31,3276224.75255,59.32868322525321,135.5665343107067,132.6413476618419,0,0,0
189,2022-04-04 04:00:00,135.31,138.2575,134.8575,137.0,1980810.414,61.67708050535597,135.82716443603275,133.05645740833316,0,0,0
190,2022-04-04 08:00:00,137.0,137.7775,133.2225,134.7475,3356680.1742,56.956560234385925,135.6308618112995,133.21750908373,0,0,0
191,2022-04-04 12:00:00,134.7475,135.4875,128.39,129.3,8281293.435325,47.490124524338974,134.47979602742686,132.8444129805176,0,0,0
192,2022-04-04 16:00:00,129.3,131.57,125.8425,130.085,4358086.3343,48.810450434190024,133.68074220425834,132.58161174427784,0,0,0
193,2022-04-04 20:00:00,130.085,133.08,129.0375,132.1125,3252795.94175,52.156547671097606,133.39560725802954,132.536934435299,0,0,0
194,2022-04-05 00:00:00,132.1125,133.9375,129.745,133.3475,2071459.7558,54.1236931378218,133.38686048384236,132.61413115574672,0,0,0
195,2022-04-05 04:00:00,133.3475,134.1725,131.4525,133.3025,2428673.773775,54.03651020005776,133.37152221405285,132.67969009329465,0,0,0
196,2022-04-05 08:00:00,133.3025,134.835,131.4725,134.4725,2797210.935525,56.020119572671774,133.57169999331595,132.85043389393326,0,0,0
197,2022-04-05 12:00:00,134.475,136.6775,129.23,131.4475,8522205.3832,50.010727629944185,133.18548181271305,132.71682114213007,0,0,0
198,2022-04-05 16:00:00,131.4475,133.595,129.235,131.18,4122010.5653,49.50499772578695,132.82084875585613,132.57045722383197,0,0,0
199,2022-04-05 20:00:00,131.18,131.475,126.105,126.8175,3189145.040075,42.038761727027165,131.72933080024592,132.02255653584797,2,0,2
200,2022-04-06 00:00:00,126.8175,126.9,120.065,123.6575,6853224.111075,37.61355670733468,130.2617252002012,131.22588448481483,0,0,0
201,2022-04-06 04:00:00,123.6575,127.3775,123.0225,125.4675,3000763.152375,41.41744673574351,129.39004789107372,130.67746691483245,0,0,0
202,2022-04-06 08:00:00,125.475,125.7925,119.2775,121.61,4905291.324175,36.33292475953836,127.9754937290603,129.81389863722936,0,0,0
203,2022-04-06 12:00:00,121.6075,123.1575,114.7175,117.6,6946055.289975,31.942923996141914,126.0890403237766,128.65067019558848,0,0,0
204,2022-04-06 16:00:00,117.6,120.095,114.5175,118.7775,7735210.25735,34.44761391241532,124.75966935581721,127.7103682721991,0,0,0
205,2022-04-06 20:00:00,118.78,119.59,112.11,112.975,3482835.235325,28.81903203948076,122.61700220021407,126.30699986532301,0,2,0
206,2022-04-07 00:00:00,112.975,114.9125,110.9,113.815,4812125.1901,30.58721869870591,121.0166381638115,125.11728559243511,0,0,0
207,2022-04-07 04:00:00,113.815,116.4025,113.055,115.97,2583478.005025,35.04510297655348,120.09906758857304,124.24611553601271,0,0,0
208,2022-04-07 08:00:00,115.97,117.6225,113.7475,117.4,4048952.747625,37.895377660587634,119.6083280270143,123.59410453258292,0,0,0
209,2022-04-07 12:00:00,117.4,118.4925,111.71,113.1925,4714170.8243,33.26950263238648,118.44181384028441,122.60347552947978,0,0,0
210,2022-04-07 16:00:00,113.1925,118.55,112.7475,117.7,4017646.223025,41.50720878684186,118.30693859659634,122.13647786000553,0,0,0
211,2022-04-07 20:00:00,117.7,119.955,116.78,118.4775,1598146.906225,42.81846361454121,118.33794976085154,121.78800377810025,0,0,0
212,2022-04-08 00:00:00,118.4775,122.3725,118.01,122.0425,2675177.7032,48.51734372400903,119.01150434978761,121.81224151351927,0,0,0
213,2022-04-08 04:00:00,122.0425,122.3525,116.6475,119.055,2996489.86825,44.513657416642836,119.01941264982622,121.54964708366029,0,0,0
214,2022-04-08 08:00:00,119.055,120.1875,114.915,115.2875,2989423.649025,40.02771349610743,118.34088307713054,120.95325212331169,0,0,0
215,2022-04-08 12:00:00,115.29,118.4675,112.845,116.49,5119089.79185,42.03559666024302,118.00435888128862,120.52818049252011,0,0,0
216,2022-04-08 16:00:00,116.49,116.915,112.7475,113.615,3631621.64185,38.69955652582794,117.20629363014523,119.86978235037533,0,0,0
217,2022-04-08 20:00:00,113.615,113.9775,108.1375,109.9175,3519650.279225,34.867039114788724,115.88105842466427,118.92194593605387,0,0,0
218,2022-04-09 00:00:00,109.9175,111.755,108.3,109.42,3248479.561775,34.373780103148434,114.70632052927076,118.01699870404875,0,0,0
219,2022-04-09 04:00:00,109.42,111.145,108.9875,110.6475,1850097.11025,36.751302648270844,113.96835316031243,117.31514168461553,0,0,0
220,2022-04-09 08:00:00,110.6475,111.1475,109.01,110.475,1358442.046475,36.55090268228697,113.33319804025561,116.66369961941405,0,0,0
221,2022-04-09 12:00:00,110.475,111.785,109.3675,109.595,2152097.352775,35.4877833028316,112.65352566930004,115.9904901318508,0,0,0
222,2022-04-09 16:00:00,109.595,111.5325,109.2,109.7875,1518131.39075,35.926812097584985,112.13243009306365,115.39972916691264,0,0,0
223,2022-04-09 20:00:00,109.7875,113.665,109.575,112.99,1803534.031025,42.88997390216973,112.2883518943248,115.17023115101618,0,0,0
224,2022-04-10 00:00:00,112.99,114.0,111.27,113.4425,1549855.4703,43.81901227725759,112.49819700444756,115.00568532710989,0,0,0
225,2022-04-10 04:00:00,113.44,113.58,111.4375,111.6325,1185163.9185,40.94945995359278,112.34079754909345,114.68442958167084,0,0,0
226,2022-04-10 08:00:00,111.6325,112.2,109.785,111.0775,1728780.732075,40.08268283519576,112.11110708562191,114.34091247865457,0,0,0
227,2022-04-10 12:00:00,111.0775,112.67,110.5375,112.415,1754471.7803,43.20280527127263,112.16636034278156,114.15749224259223,0,0,0
228,2022-04-10 16:00:00,112.415,116.005,111.935,114.57,2437043.351475,47.909499394051835,112.60338573500309,114.19677869567869,0,0,0
229,2022-04-10 20:00:00,114.57,115.3225,110.585,111.1,2500509.4777,41.88992779028527,112.33004287409344,113.90184739132835,0,0,0
230,2022-04-11 00:00:00,111.1,111.89,108.3625,109.9725,2623981.391725,40.12576352664687,111.90139871516736,113.52762383024945,0,0,0
231,2022-04-11 04:00:00,109.9725,111.3275,109.575,111.09,2215592.227275,42.70142563999011,111.75387167604602,113.2954691797495,0,0,0
232,2022-04-11 08:00:00,111.09,111.83,103.4,103.9525,4700156.6878,32.95139501648997,110.33544046221947,112.40566259120193,0,0,0
233,2022-04-11 12:00:00,104.0075,104.7525,101.2325,101.4325,3628071.858975,30.31918670934128,108.71672401454319,111.36059948727794,0,0,0
234,2022-04-11 16:00:00,101.42,103.8625,100.45,101.4,3211637.38155,30.28558588492446,107.38641055735351,110.41197096468004,0,0,0
235,2022-04-11 20:00:00,101.3975,102.6125,98.1475,99.6525,3789279.794725,28.459274931909604,105.98024500147106,109.38725944423433,0,2,0
236,2022-04-12 00:00:00,99.6525,101.08,98.38,99.7075,2740452.8553,28.60520188089778,104.8397459102945,108.46537759240249,0,2,0
237,2022-04-12 04:00:00,99.7075,103.26,99.315,103.05,2392789.109625,37.013755356358764,104.51433756296822,107.94962734550701,0,0,0
238,2022-04-12 08:00:00,103.05,105.6975,102.265,105.5375,2252325.771175,42.44631168360495,104.70036709697399,107.71990093164919,0,0,0
239,2022-04-12 12:00:00,105.5375,109.3,104.8,106.0,6146981.429025,43.42338867179911,104.93666398843325,107.5561008429207,0,0,0
240,2022-04-12 16:00:00,106.0,107.05,100.35,100.925,4306187.522975,36.16760440977455,104.20727053599083,106.9245674293092,0,0,0
241,2022-04-12 20:00:00,100.965,103.5875,100.7275,103.265,2488937.0511,41.05806260058905,104.03594862035614,106.57603719794642,0,0,0
242,2022-04-13 00:00:00,103.265,105.05,101.95,103.665,2340925.73325,41.87780841122921,103.96850341665501,106.29879556004676,0,0,0
243,2022-04-13 04:00:00,103.665,104.795,103.0075,103.96,2094820.758375,42.51280678342371,103.96695734089955,106.07605312575659,0,0,0
244,2022-04-13 08:00:00,103.96,104.27,101.05,101.17,2066783.892725,38.255884261895325,103.45841964255418,105.60880997092262,0,0,0
245,2022-04-13 12:00:00,101.17,105.965,100.0925,105.125,4165869.51545,46.442807817227724,103.76143425299887,105.56273283083475,0,0,0
246,2022-04-13 16:00:00,105.125,105.93,103.7175,103.925,2426779.348975,44.51420318597814,103.79117347972634,105.40675827551715,0,0,0
247,2022-04-13 20:00:00,104.0075,105.44,103.735,104.9425,1505581.677325,46.541329207079116,104.00050557432154,105.36254320165838,0,0,0
248,2022-04-14 00:00:00,104.9425,107.2925,104.5275,105.625,2485799.2132,47.91586883919641,104.29586819717215,105.38753908721473,0,0,0
249,2022-04-14 04:00:00,105.625,107.6825,105.595,106.3925,1919443.0279,49.48872094433721,104.67707397950448,105.48324965033714,0,0,0
250,2022-04-14 08:00:00,106.3925,107.2425,103.29,103.65,2031613.3688,44.33647526823428,104.4903332559582,105.30865444554313,0,0,0
251,2022-04-14 12:00:00,103.65,105.7875,101.1375,101.405,3561154.1249,40.60937535001894,103.9293635730567,104.93687783168188,0,0,0
252,2022-04-14 16:00:00,101.405,101.97,98.7475,99.61,3101193.28005,37.868314727590075,103.14402474159183,104.42955613342646,0,0,0
253,2022-04-14 20:00:00,99.61,101.2425,99.1225,100.75,1170558.647925,40.61007928908494,102.70874751584785,104.07912221595728,0,0,0
254,2022-04-15 00:00:00,100.75,102.1875,99.5875,102.0375,1484683.6449,43.635261852348926,102.58670251296641,103.88468200491373,0,0,0
255,2022-04-15 04:00:00,102.0375,102.47,100.56,101.785,1672192.2743,43.170823575593225,102.44093841969979,103.68471229016004,0,0,0
256,2022-04-15 08:00:00,101.785,102.075,100.8575,101.7175,1214969.1325,43.03894352822164,102.30940416157256,103.49735873871622,0,0,0
257,2022-04-15 12:00:00,101.7175,102.9175,99.845,102.35,2822934.843325,44.74236643504769,102.31678522310482,103.3880864778861,0,0,0
258,2022-04-15 16:00:00,102.35,102.7775,100.175,100.405,2314232.2166,40.71059708749355,101.96918790981303,103.10398300380172,0,0,0
259,2022-04-15 20:00:00,100.405,101.395,100.34,101.3875,762648.9761,43.48115749790397,101.8634264716652,102.94050843201109,0,0,0
260,2022-04-16 00:00:00,101.3875,102.035,100.9025,101.0975,838635.627125,42.844745675383244,101.72416711318061,102.7649838194386,0,0,0
261,2022-04-16 04:00:00,101.0925,101.8825,101.0175,101.475,680660.9492,43.99389419014515,101.67886400169323,102.6421282175873,0,0,0
262,2022-04-16 08:00:00,101.475,102.9375,101.11,101.9125,1498856.391675,45.36489455038318,101.72134327411264,102.57263981591232,0,0,0
263,2022-04-16 12:00:00,101.9125,103.4575,100.66,100.975,1919580.225475,42.939210937743496,101.58564449700124,102.42048364296829,0,0,0
264,2022-04-16 16:00:00,100.975,102.685,100.765,101.985,1200132.339375,46.27230260379868,101.65825458845556,102.37900901030466,0,0,0
265,2022-04-16 20:00:00,101.985,102.885,101.7425,102.06,1004771.72275,46.522111733995224,101.73129920873637,102.34862719979945,0,0,0
266,2022-04-17 00:00:00,102.06,102.3475,101.04,101.5175,907678.6985,44.89603430173188,101.69242662532974,102.26947222838999,0,0,0
267,2022-04-17 04:00:00,101.5175,102.22,101.3575,101.9025,1063844.68715,46.32974373178346,101.7306217843607,102.23452249235284,0,0,0
268,2022-04-17 08:00:00,101.9025,102.49,101.76,102.46,1197996.56115,48.42244789701546,101.86323600538601,102.25599654070018,0,0,0
269,2022-04-17 12:00:00,102.455,105.2225,102.3,105.1025,3176262.295975,56.98410681696773,102.45219309531582,102.52709210825255,0,0,0
270,2022-04-17 16:00:00,105.1025,105.4225,102.7925,104.02,2693885.21575,53.09584646306326,102.73724889616747,102.6692738122285,1,0,1
271,2022-04-17 20:00:00,104.0175,104.23,99.6825,100.175,2949850.222775,42.105858016585415,102.27138546050065,102.43172392534959,2,0,0
272,2022-04-18 00:00:00,100.175,101.7125,99.8875,101.2,1230587.47565,45.35309836814555,102.07658810404598,102.3144168848401,0,0,0
273,2022-04-18 04:00:00,101.2,101.3325,95.0625,96.4575,5319244.529375,35.446557518430794,101.05493572149217,101.7566152767601,0,0,0
274,2022-04-18 08:00:00,96.4575,97.25,94.675,96.8075,2090298.8917,36.54810957719714,100.28267468122087,101.28527096468771,0,0,0
275,2022-04-18 12:00:00,96.8075,99.155,96.7725,98.665,2895846.280425,42.18656149160857,99.98855201190797,101.03572134900317,0,0,0
276,2022-04-18 16:00:00,98.665,102.38,97.105,101.1925,4192276.676325,48.84741559768371,100.2074516461065,101.0506526490981,0,0,0
277,2022-04-18 20:00:00,101.1925,102.635,101.015,102.3525,1872124.986575,51.60334432201472,100.5974604377235,101.17463811108875,0,0,0
278,2022-04-19 00:00:00,102.3525,103.7475,101.2225,101.4375,2021671.463725,49.344994111485974,100.75019490359196,101.19967257669936,0,0,0
279,2022-04-19 04:00:00,101.4375,102.56,101.0,101.8625,1409649.382625,50.43012905682394,100.95243219384795,101.26279899796609,0,0,0
280,2022-04-19 08:00:00,101.8625,103.5,101.4925,102.36,2285571.6566,51.73358179677573,101.20835361314832,101.36729433149313,0,0,0
281,2022-04-19 12:00:00,102.36,108.5525,102.3075,106.4925,4639495.374,60.92497295758523,102.1691075016668,101.85540915706521,1,0,1
282,2022-04-19 16:00:00,106.4925,107.1525,105.355,106.955,1957603.604575,61.8016987535221,103.03926977409103,102.34108447543996,0,0,0
283,2022-04-19 20:00:00,106.955,108.875,105.765,108.4925,4501126.598375,64.64185383944901,104.03076617880174,102.92693357301711,0,0,0
284,2022-04-20 00:00:00,108.4925,109.4725,107.0825,108.3025,2297605.489675,64.00848208188131,104.80744505538323,103.43889228034881,0,0,0
285,2022-04-20 04:00:00,108.3025,108.61,106.705,106.975,1708652.565,59.613518707327614,105.20154595440445,103.77566444412511,0,0,0
286,2022-04-20 08:00:00,106.975,110.9425,106.5625,110.44,3063169.9449,66.14729803187717,106.15399214451273,104.41036306849415,0,0,0
287,2022-04-20 12:00:00,110.44,110.7025,104.795,105.7275,4525332.585075,53.47602211894354,106.07644811823769,104.53580468101852,0,0,0
288,2022-04-20 16:00:00,105.7275,106.645,104.2975,106.025,2058734.366975,54.07413869546238,106.06709391492174,104.6776328066358,0,0,0
289,2022-04-20 20:00:00,106.025,107.55,105.0375,105.5825,1756306.684525,52.98305766663218,105.97898593039051,104.76381063457524,0,0,0
290,2022-04-21 00:00:00,105.5825,107.155,105.395,107.0525,1523306.505975,56.148542042015414,106.17417030668314,104.98178105032997,0,0,0
291,2022-04-21 04:00:00,107.0525,107.6025,105.3425,106.87,2157693.448075,55.64762861694852,106.30068479637711,105.16161142648902,0,0,0
292,2022-04-21 08:00:00,106.87,109.025,105.7775,108.385,3260755.301625,58.92367621875389,106.67965119703581,105.46860081444244,0,0,0
293,2022-04-21 12:00:00,108.385,109.94,107.67,107.685,3983116.16165,56.83477643505062,106.86244188848384,105.67968645116221,0,0,0
294,2022-04-21 16:00:00,107.6875,107.7925,104.27,104.3275,4407705.9533,48.038140415228185,106.40154336330495,105.55090678914677,0,0,0
295,2022-04-21 20:00:00,104.3275,104.3675,99.985,101.7725,4094145.84725,42.63078006228991,105.55989911543132,105.19105852351375,0,0,0
296,2022-04-22 00:00:00,101.7725,103.11,101.3825,102.52,1942290.790525,44.59571185820629,105.0071901853529,104.93667199746483,0,0,0
297,2022-04-22 04:00:00,102.52,103.52,101.33,102.6375,1789252.629525,44.91509536894952,104.57633742437963,104.71770323580152,2,0,0
298,2022-04-22 08:00:00,102.6375,102.95,100.08,102.1825,2222351.35585,43.86070143808197,104.1410942563106,104.47625530858234,0,0,0
299,2022-04-22 12:00:00,102.1825,102.74,99.3025,99.6925,4248366.239675,38.53002313013981,103.33225893698139,104.02065956490783,0,0,0
300,2022-04-22 16:00:00,99.6925,101.96,99.245,100.96,2141295.181125,42.36967023476577,102.9009391302575,103.72916817777376,0,0,0
301,2022-04-22 20:00:00,100.96,101.705,100.0,100.5675,1164221.7608,41.505088645155666,102.47667747021067,103.42805692274769,0,0,0
302,2022-04-23 00:00:00,100.5675,101.0425,99.32,99.85,1033404.348275,39.902159847618464,101.99909974835418,103.08728959677173,0,0,0
303,2022-04-23 04:00:00,99.85,101.2525,98.35,101.1825,1817641.472375,44.21128621378614,101.85062706683524,102.90588106374584,0,0,0
304,2022-04-23 08:00:00,101.1825,102.025,100.7025,101.545,1564139.01145,45.35910582375357,101.79505850922884,102.7762733433891,0,0,0
305,2022-04-23 12:00:00,101.55,102.5275,100.8375,102.1225,1860624.517775,47.222085750866995,101.85459332573268,102.71400921544728,0,0,0
306,2022-04-23 16:00:00,102.1225,102.865,101.445,102.08,1443946.18355,47.094827715241514,101.89557635741764,102.65362738540469,0,0,0
307,2022-04-23 20:00:00,102.08,102.4675,100.275,100.635,1551087.276675,42.865143611119336,101.66638065606897,102.46137715822329,0,0,0
308,2022-04-24 00:00:00,100.635,101.58,100.25,101.27,1577840.72295,45.19456938610749,101.59431144587461,102.34791266696392,0,0,0
309,2022-04-24 04:00:00,101.27,101.9775,101.1775,101.79,970432.192,47.09671888198382,101.6298911829883,102.29477812725307,0,0,0
310,2022-04-24 08:00:00,101.79,102.2275,100.8225,101.125,1283099.2591,44.94821337599272,101.53809278608134,102.1833706865623,0,0,0
311,2022-04-24 12:00:00,101.125,101.5,99.8325,100.09,3085568.98485,41.755479759951776,101.274803188612,101.98400204974683,0,0,0
312,2022-04-24 16:00:00,100.09,101.23,98.6,100.475,2855910.811225,43.36696073709802,101.12938442704618,101.84028756881857,0,0,0
313,2022-04-24 20:00:00,100.475,100.695,98.975,99.2075,1254447.26125,39.492943598150006,100.77995089485594,101.58954589559775,0,0,0
314,2022-04-25 00:00:00,99.2075,99.4,96.2,98.0175,2764714.310575,36.22140865200871,100.27768709579121,101.24935104839795,0,0,0
315,2022-04-25 04:00:00,98.0175,98.2725,94.34,95.14,2779641.95475,29.794267649171502,99.34356216928371,100.66750809140768,0,2,0
316,2022-04-25 08:00:00,95.14,96.91,94.485,96.715,2644536.909575,36.44198750041707,98.8656417748685,100.29107874936885,0,0,0
317,2022-04-25 12:00:00,96.745,98.215,95.885,96.9625,3694804.3269,37.44439814642141,98.51961599761967,99.97407124942896,0,0,0
318,2022-04-25 16:00:00,96.9625,100.735,96.775,100.68,4380933.5205,50.15946190096005,98.91241308896154,100.04130255900715,0,0,0
319,2022-04-25 20:00:00,100.68,101.57,99.85,100.9925,2035241.9839,51.059995799368856,99.29061070915034,100.13189279148267,0,0,0
320,2022-04-26 00:00:00,100.9925,102.04,100.265,100.965,1557456.364475,50.972714247702626,99.59504512566846,100.21123633515099,0,0,0
321,2022-04-26 04:00:00,100.965,101.495,100.1675,100.87,2122109.308925,50.65060594175459,99.82685510281965,100.27397573180328,0,0,0
322,2022-04-26 08:00:00,100.87,101.5475,99.795,100.485,1797637.709725,49.29118111746838,99.94651781139788,100.29407328115533,0,0,0
323,2022-04-26 12:00:00,100.49,101.0675,96.4025,96.595,3726509.022825,38.14985279274119,99.33715093659826,99.94178058771197,0,0,0
324,2022-04-26 16:00:00,96.595,97.7325,95.6,96.65,3184484.76715,38.361988676500566,98.84857803903495,99.62827767459656,0,0,0
325,2022-04-26 20:00:00,96.68,97.4525,94.635,95.7275,2392795.186125,36.124001370701265,98.28110930466495,99.2567750389207,0,0,0
326,2022-04-27 00:00:00,95.7275,97.185,94.9225,96.79,1675067.3323,40.434231908969736,98.0099985219986,99.02184408283301,0,0,0
327,2022-04-27 04:00:00,96.79,99.4625,96.62,99.4625,2164091.614575,49.63931806129975,98.27408969981704,99.0638113130394,0,0,0
328,2022-04-27 08:00:00,99.49,100.135,98.125,99.2375,2826779.942225,48.95341367411507,98.44925520894121,99.08035309274993,0,0,0
329,2022-04-27 12:00:00,99.235,100.745,96.8375,98.17,3966948.521875,45.72519191798605,98.39848153458826,98.9936527982023,0,0,0
330,2022-04-27 16:00:00,98.17,98.9825,96.815,97.4525,3525070.028475,43.64202542619951,98.22648489193584,98.84687634123065,0,0,0
331,2022-04-27 20:00:00,97.4525,98.8925,97.2075,98.34,1355040.80335,46.86656336196225,98.24712400249297,98.79860240397059,0,0,0
332,2022-04-28 00:00:00,98.34,99.86,97.965,99.1675,2321396.369775,49.75327999875093,98.41446509294879,98.83373550835435,0,0,0
333,2022-04-28 04:00:00,99.1675,100.0175,98.5825,99.4625,1984256.815925,50.77991786685941,98.60501689423083,98.89361784089203,0,0,0
334,2022-04-28 08:00:00,99.4625,100.54,99.0225,99.8525,2506557.5756,52.17123459654922,98.83183200437067,98.98493995128327,0,0,0
335,2022-04-28 12:00:00,99.8525,100.0725,96.3625,97.5125,4671842.0465,44.113842546525284,98.59195345812145,98.84470757497058,0,0,0
336,2022-04-28 16:00:00,97.5125,100.2775,96.85,98.74,3168065.481975,48.59850213401093,98.61887101119028,98.83473542497339,0,0,0
337,2022-04-28 20:00:00,98.74,99.08,97.315,98.2075,1501680.333175,46.84241015113589,98.54407628188295,98.77499871783306,0,0,0
338,2022-04-29 00:00:00,98.2075,98.6375,96.9775,97.2575,1710863.8998,43.80151016308112,98.3101533215406,98.6304750304204,0,0,0
339,2022-04-29 04:00:00,97.2575,98.0,96.8,97.8175,2114015.991025,46.02583367524575,98.22057999035138,98.55304883704703,0,0,0
340,2022-04-29 08:00:00,97.8175,98.0225,95.145,95.6175,2309531.0725,39.42414645865477,97.74729271937841,98.27347275732826,0,0,0
341,2022-04-29 12:00:00,95.6175,96.9875,95.235,96.17,5361133.5242,41.68628036650538,97.46051222494596,98.0731420185351,0,0,0
342,2022-04-29 16:00:00,96.17,96.3575,92.3525,92.95,3540247.487875,33.770931220803135,96.6404190931376,97.58522373105556,0,0,0
343,2022-04-29 20:00:00,92.945,94.49,92.62,93.93,1824514.103575,37.65118408931225,96.14761562165802,97.23710718524075,0,0,0
344,2022-04-30 00:00:00,93.93,94.9275,93.7025,94.07,1695416.7147,38.208150770703845,95.7698673268111,96.93547792950353,0,0,0
345,2022-04-30 04:00:00,94.07,94.9125,93.7,94.0225,1709484.86605,38.083844782772516,95.4521641764818,96.65805146002701,0,0,0
346,2022-04-30 08:00:00,94.0225,94.4975,93.58,93.87,1508329.106,37.66022150316726,95.16449796257601,96.39252274954825,0,0,0
347,2022-04-30 12:00:00,93.87,94.17,91.5,92.25,3144137.398125,33.40883822998181,94.63458924210764,95.99799677340079,0,0,0
348,2022-04-30 16:00:00,92.25,92.585,90.3,91.5625,2262760.0383,31.76974559844534,94.07602756172443,95.57556850926738,0,0,0
349,2022-04-30 20:00:00,91.5625,91.5625,81.85,84.5775,4784541.37615,20.67252795730154,92.3490225505018,94.52813341314669,0,2,0
350,2022-05-01 00:00:00,84.5775,88.3825,84.1175,87.98,3870534.247975,32.95732790822652,91.55465481404693,93.90450165951367,0,0,0
351,2022-05-01 04:00:00,87.98,89.84,87.0475,88.9025,1936984.296925,35.85762466614267,91.07244484785656,93.42812054908379,0,0,0
352,2022-05-01 08:00:00,88.9025,89.9175,87.8075,88.25,1397402.9754,34.713716759572364,90.55927305733718,92.93496621107582,0,0,0
353,2022-05-01 12:00:00,88.25,90.325,87.0525,90.0425,2435327.94595,40.34396165763424,90.4653143196395,92.65949323859242,0,0,0
354,2022-05-01 16:00:00,90.0425,93.115,87.105,87.9775,3448072.76495,36.44467634716407,90.01298444334141,92.21358912063124,0,0,0
355,2022-05-01 20:00:00,87.9775,90.4425,87.7675,89.68,2875016.94805,41.4675784197488,89.95244181727934,91.97229491866635,0,0,0
356,2022-05-02 00:00:00,89.68,90.8775,88.69,89.3575,2328852.8658,40.809628706881924,89.844270577774,91.72326683117431,0,0,0
357,2022-05-02 04:00:00,89.3575,90.7325,89.0575,89.8075,1800505.217025,42.18801016666962,89.83758501817871,91.54081284725295,0,0,0
358,2022-05-02 08:00:00,89.8075,90.0375,86.31,86.7975,3661320.6485,36.127670294401426,89.28484228760077,91.0890687665622,0,0,0
359,2022-05-02 12:00:00,86.7975,88.9375,86.2475,87.7075,4957505.75985,38.9815062265056,88.99805278076427,90.76701459831818,0,0,0
360,2022-05-02 16:00:00,87.7075,87.9075,85.1,87.2625,3798472.131625,38.08536255747951,88.6824977297162,90.43325130324025,0,0,0
361,2022-05-02 20:00:00,87.2625,88.48,86.3275,87.465,1629298.467475,38.77512042755876,88.46113450613144,90.15056070293166,0,0,0
362,2022-05-03 00:00:00,87.465,88.6375,86.7075,88.6375,2016096.78105,42.75194619897427,88.49320095956207,90.00645968360483,0,0,0
363,2022-05-03 04:00:00,88.6375,88.78,87.855,88.32,1520178.24615,41.95719600382809,88.46170987600533,89.84584447564247,0,0,0
364,2022-05-03 08:00:00,88.32,88.69,87.23,88.475,2347680.16615,42.518983213132294,88.46412626218617,89.7152878589146,0,0,0
365,2022-05-03 12:00:00,88.475,88.5575,86.7275,87.2,2514039.57305,39.161271422988044,88.23428512360687,89.47573663425607,0,0,0
366,2022-05-03 16:00:00,87.1975,87.4175,84.835,85.4325,3301729.24635,35.03126874722082,87.72486964658744,89.09066647861263,0,0,0
367,2022-05-03 20:00:00,85.4325,86.555,84.65,85.84,2114715.4952,36.68904267179511,87.38216607448062,88.78107919493524,0,0,0
368,2022-05-04 00:00:00,85.84,86.7475,85.455,86.15,2012231.108725,37.98542602968258,87.15813587912051,88.53050022398904,0,0,0
369,2022-05-04 04:00:00,86.15,87.5,85.4725,87.3125,2377539.7895,42.72193995177259,87.18620208291678,88.41450020265675,0,0,0
370,2022-05-04 08:00:00,87.3125,88.7125,87.0575,88.4425,2810067.0404,46.96245521230174,87.4146198860228,88.41716685002278,0,0,0
371,2022-05-04 12:00:00,88.4425,88.7175,86.325,87.17,3235663.135525,43.0933984118766,87.37014354310956,88.29838905478252,0,0,0
372,2022-05-04 16:00:00,87.1725,92.1525,86.5,91.63,7088733.059575,56.59193029132997,88.14466289890781,88.61568533527941,0,0,0
373,2022-05-04 20:00:00,91.63,93.0425,91.3425,92.75,3154297.561625,59.20866475731813,88.9819969172882,89.00942958906232,0,0,0
374,2022-05-05 00:00:00,92.75,95.2025,92.68,94.3125,3148372.128125,62.596255585110356,89.95117929596307,89.51448391391354,1,0,1
375,2022-05-05 04:00:00,94.3125,94.5375,92.83,93.17,1870422.80245,58.754040845507824,90.53641942396978,89.86262830306462,0,0,0
376,2022-05-05 08:00:00,93.17,93.3625,92.06,92.3125,2241121.7095,55.976858452885224,90.85934316506618,90.09594941705848,0,0,0
377,2022-05-05 12:00:00,92.3125,92.9725,84.2525,85.08,6475923.4611,39.16261469615454,89.8085534986905,89.6182399487672,0,0,0
378,2022-05-05 16:00:00,85.0775,86.2125,81.33,83.7925,6814760.07745,37.03021537942888,88.71472558983767,89.06340757269413,2,0,0
379,2022-05-05 20:00:00,83.7925,85.355,83.0725,84.51,2490260.2308,39.022830701553154,87.95023002804899,88.62974970862803,0,0,0
380,2022-05-06 00:00:00,84.51,84.8025,82.515,82.7875,2850276.87475,36.07175381603564,87.01155184113098,88.07334497447297,0,0,0
381,2022-05-06 04:00:00,82.7875,83.4725,81.0,82.4325,3782304.853975,35.47629218362353,86.17899696092535,87.5361216435708,0,0,0
382,2022-05-06 08:00:00,82.42,83.59,80.4,81.2275,3497858.53025,33.45736069795845,85.27872478621164,86.93530053465929,0,0,0
383,2022-05-06 12:00:00,81.2275,83.1725,79.925,81.795,7274722.443975,35.32412368778331,84.6453202796277,86.44574810278698,0,0,0
384,2022-05-06 16:00:00,81.79,82.4525,81.0075,81.9675,3016891.472075,35.91265470807157,84.15844386514993,86.01924828347393,0,0,0
385,2022-05-06 20:00:00,81.9675,82.395,81.3125,81.68,1272113.135225,35.33552684679046,83.70781770784996,85.60598654219069,0,0,0
386,2022-05-07 00:00:00,81.68,81.98,80.3625,80.5,1252768.96645,32.992039887679866,83.12457812460451,85.1197021096011,0,0,0
387,2022-05-07 04:00:00,80.5,80.9275,79.1325,80.44,2934341.190525,32.872657650416585,82.63647301104005,84.674016194401,0,0,0
388,2022-05-07 08:00:00,80.44,82.0075,80.2225,81.785,2419815.95535,38.26545971699107,82.4816597363055,84.39887179493425,0,0,0
389,2022-05-07 12:00:00,81.785,82.32,80.8925,82.09,2156768.178075,39.45332600395901,82.41044887515903,84.17897924303576,0,0,0
390,2022-05-07 16:00:00,82.09,82.1975,81.1375,81.42,1377376.1917,37.73561379126674,82.23036726149374,83.91621931512759,0,0,0
391,2022-05-07 20:00:00,81.42,81.42,77.16,78.865,4230709.72375,32.01188759108955,81.61848230485852,83.43515080892496,0,0,0
392,2022-05-08 00:00:00,78.865,79.41,75.83,76.9325,2516746.483425,28.491748559116544,80.76648552215696,82.81585073188448,0,2,0
393,2022-05-08 04:00:00,76.9325,78.6075,76.9325,77.865,2779252.437375,32.35706452890585,80.23894269994659,82.34434113837168,0,0,0
394,2022-05-08 08:00:00,77.865,79.3275,77.7875,79.1075,1951075.344925,37.22607144636279,80.03322584541085,82.03607055376484,0,0,0
395,2022-05-08 12:00:00,79.105,79.3225,76.7675,77.1575,3349121.543525,33.18843164781984,79.51036660079069,81.57144478673962,0,0,0
396,2022-05-08 16:00:00,77.1575,78.1025,73.725,76.3675,4599953.4142,31.68887013972035,78.93893630973784,81.07583099752632,0,0,0
397,2022-05-08 20:00:00,76.3675,76.52,74.68,75.375,2165437.114925,29.863280449259847,78.2909478897855,80.53289471204764,0,2,0
398,2022-05-09 00:00:00,75.375,77.2175,73.76,75.2575,4050228.533675,29.645535667318185,77.7394119098245,80.0304761680431,0,2,0
399,2022-05-09 04:00:00,75.2575,76.0325,73.3625,73.9225,2906680.242425,27.21733833326644,77.04542792622004,79.44876415203899,0,2,0
400,2022-05-09 08:00:00,73.9225,75.2525,70.7475,72.215,4985194.83935,24.457972638353752,76.16716830327094,78.75983423279719,0,2,0
401,2022-05-09 12:00:00,72.215,73.26,69.2375,69.8475,6429581.03575,21.242253214325387,75.01813770267621,77.91104049634032,0,2,0
402,2022-05-09 16:00:00,69.8475,70.35,62.89,65.0925,8949104.84535,16.538883662073815,73.21347630218963,76.69022711573648,0,2,0
403,2022-05-09 20:00:00,65.0925,68.3975,61.7425,62.215,6878112.906925,14.453310837798938,71.21375333815516,75.3116340570949,0,2,0
404,2022-05-10 00:00:00,62.215,66.62,60.1475,64.415,9061888.3516,22.499927422439043,69.97761636758149,74.27385938499063,0,2,0
405,2022-05-10 04:00:00,64.415,73.0075,64.105,68.9275,9713474.665825,35.83225807658016,69.7866861189303,73.7646823007058,0,0,0
406,2022-05-10 08:00:00,68.9275,72.05,68.4425,71.5725,5338919.42545,42.11779234652981,70.11137955185207,73.55590303397192,0,0,0
407,2022-05-10 12:00:00,71.5725,74.005,67.345,69.485,9156784.73745,38.880769361911355,69.99749236060623,73.16819798311745,0,0,0
408,2022-05-10 16:00:00,69.485,71.0875,67.1925,67.5325,16870334.08745,36.0870617650033,69.54931193140509,72.63146484186818,0,0,0
409,2022-05-10 20:00:00,67.5325,67.76,63.275,66.885,6505559.1707,35.184187977532275,69.06489158024051,72.08418247597598,0,0,0
410,2022-05-11 00:00:00,66.885,68.3225,65.0525,66.2525,3968343.87885,34.28189863311256,68.55354765656041,71.52878414493064,0,0,0
411,2022-05-11 04:00:00,66.2525,68.395,60.6925,62.4975,6878577.7508,29.452867791903657,67.45244808264033,70.66866184541344,0,2,0
412,2022-05-11 08:00:00,62.4975,66.395,61.0175,61.4775,9149556.923475,28.287238175132444,66.36609388579663,69.79331309823121,0,2,0
413,2022-05-11 12:00:00,61.4775,63.9175,47.87,55.5625,18225713.988275,22.681383986447017,64.40180408837907,68.43799756506634,0,2,0
414,2022-05-11 16:00:00,55.5625,56.7075,47.0075,47.885,15013955.4685,17.761271227778366,61.398748799582876,66.48056922553621,0,2,0
415,2022-05-11 20:00:00,47.885,50.9925,43.215,50.8225,11837533.525275,24.50879746528173,59.475794472385985,64.9893245373899,0,2,0
416,2022-05-12 00:00:00,50.8225,54.2325,45.0175,45.1825,12286603.3373,20.953956728778437,56.877013659224886,63.10296029573372,0,2,0
417,2022-05-12 04:00:00,45.1825,46.7075,37.5225,44.8025,15390713.840975,20.73573064243911,54.68164753936581,61.360059315187655,0,2,0
418,2022-05-12 08:00:00,44.8025,47.955,41.5,44.0975,10590737.733875,20.313056098214062,52.757257077662935,59.71600604707455,0,2,0
419,2022-05-12 12:00:00,44.095,49.3275,42.77,44.7,9718840.2455,21.780476437141544,51.292301245360576,58.285910233067455,0,2,0
420,2022-05-12 16:00:00,44.7,48.05,43.3125,44.785,6139051.5853,21.99870707506463,50.10915556438592,57.0001092584896,0,2,0
421,2022-05-12 20:00:00,44.785,45.695,41.6725,44.675,4371269.958275,21.91350095969959,49.12112727995212,55.82628932910964,0,2,0
422,2022-05-13 00:00:00,44.675,52.0925,43.8575,50.4925,6370247.903525,36.0260420558654,49.370467774506274,55.31830939300396,0,0,0
423,2022-05-13 04:00:00,50.4925,53.8075,48.9,49.0925,11242768.87775,34.41412629069261,49.3199281791415,54.72537516509882,0,0,0
424,2022-05-13 08:00:00,49.0925,53.2625,49.08,53.105,8134674.875625,42.37254725452255,50.00812305566122,54.5710537208037,0,0,0
425,2022-05-13 12:00:00,53.105,56.3575,51.8675,53.0975,11627066.299475,42.36219997916313,50.56982795463191,54.43071527120335,0,0,0
426,2022-05-13 16:00:00,53.0975,54.1925,49.685,51.5475,8697006.8221,40.17851287084119,50.747586508335196,54.15612334061255,0,0,0
427,2022-05-13 20:00:00,51.5475,51.91,48.215,48.9575,3466155.329675,36.76789243541166,50.42211623409243,53.661016355792306,0,0,0
428,2022-05-14 00:00:00,48.9575,54.03,48.58,51.815,4364160.65385,42.56107231511417,50.6753678278938,53.485205274288276,0,0,0
429,2022-05-14 04:00:00,51.815,53.9675,50.56,50.7575,3711468.094775,41.06174791390363,50.69030095009492,53.225423819594155,0,0,0
430,2022-05-14 08:00:00,50.7575,51.585,47.435,48.0725,3324929.19235,37.45404798640623,50.21433714098675,52.734669170109,0,0,0
431,2022-05-14 12:00:00,48.0725,49.1725,46.1725,46.4725,5509072.881375,35.45496679007168,49.53400311535279,52.138272106289094,0,0,0
432,2022-05-14 16:00:00,46.4725,50.7425,45.915,49.39,8103384.601975,41.57821748755303,49.50782073074319,51.876531905690136,0,0,0
433,2022-05-14 20:00:00,49.39,52.96,49.32,52.445,6882696.825775,47.224194619980075,50.04185332515351,51.93067172419583,0,0,0
434,2022-05-15 00:00:00,52.445,52.7275,49.6,50.215,4705332.19825,43.889876719285034,50.07333453876196,51.76727441712956,0,0,0
435,2022-05-15 04:00:00,50.215,52.555,49.855,51.4625,4683478.6722,46.17922954267296,50.32591007716888,51.73824828216485,0,0,0
436,2022-05-15 08:00:00,51.4625,53.6875,50.8425,53.495,4960526.63075,49.77480047057219,50.90210824495635,51.905557969577714,0,0,0
437,2022-05-15 12:00:00,53.495,54.7775,52.2325,52.905,5690424.601675,48.75654439955574,51.26627038223701,52.00074292485603,0,0,0
438,2022-05-15 16:00:00,52.905,55.655,52.475,55.2775,5204101.770325,52.926777252746746,51.99558485819391,52.31281502725069,0,0,0
439,2022-05-15 20:00:00,55.275,59.2875,55.02,58.84,5762011.569,58.40117441392588,53.24002397488593,52.93445169132205,1,0,1
440,2022-05-16 00:00:00,58.84,58.84,55.2875,56.0825,3913713.959325,53.24003020196017,53.756837797633935,53.23426581595805,0,0,0
441,2022-05-16 04:00:00,56.0825,56.395,53.19,53.8175,6306161.7043,49.37981727483815,53.76786728897322,53.28981192872395,0,0,0
442,2022-05-16 08:00:00,53.82,55.2275,52.5725,53.8425,3719264.2201,49.42340648786755,53.78143687279627,53.3424488878931,0,0,0
443,2022-05-16 12:00:00,53.8425,55.49,51.8975,53.2875,6953099.75385,48.426451333932086,53.69163016865149,53.33721566047471,0,0,0
444,2022-05-16 16:00:00,53.2875,55.4775,52.26,53.98,5804870.593175,49.78747746897082,53.74406104707849,53.39843321661998,0,0,0
445,2022-05-16 20:00:00,53.9825,55.815,53.18,53.775,6378716.6601,49.372102958784886,53.74968631124604,53.43429671979903,0,0,0
446,2022-05-17 00:00:00,53.775,56.13,53.705,55.76,5138825.366225,53.42412737048838,54.115197891019484,53.655792270294356,0,0,0
447,2022-05-17 04:00:00,55.76,57.67,55.0975,55.7975,3975078.435625,53.49984412905878,54.421071001743215,53.859764435028225,0,0,0
448,2022-05-17 08:00:00,55.795,57.115,55.46,55.6675,2800919.127225,53.17710437307999,54.64769445597172,54.0319297269303,0,0,0
449,2022-05-17 12:00:00,55.665,58.2075,54.3575,55.1875,6583714.198675,51.9314068355837,54.745840918522305,54.14198403865122,0,0,0
450,2022-05-17 16:00:00,55.1875,56.0725,53.085,55.17,5084342.3553,51.88368685647271,54.822960751518245,54.23989032068444,0,0,0
451,2022-05-17 20:00:00,55.1975,57.6325,55.0275,57.055,2964452.59,56.51850418598153,55.22878606942402,54.507996004428776,0,0,0
452,2022-05-18 00:00:00,57.055,57.92,54.9175,55.105,2495117.1197,51.04117453822728,55.20627951134692,54.56485352781651,0,0,0
453,2022-05-18 04:00:00,55.105,56.2525,54.81,55.4325,1663265.952675,51.88455608286828,55.24741050928384,54.64748652516732,0,0,0
454,2022-05-18 08:00:00,55.4325,55.57,53.8025,54.2125,2290321.0843,48.53071122865094,55.05924496214132,54.606059237056144,0,0,0
455,2022-05-18 12:00:00,54.2125,54.3475,49.725,50.425,6239307.79415,39.906392027106655,54.21665496902472,54.207863119241274,0,0,0
456,2022-05-18 16:00:00,50.425,51.99,49.85,51.75,4654292.600525,43.67724806624087,53.76817224738386,53.973780917408774,2,0,0
457,2022-05-18 20:00:00,51.7675,51.7675,49.3525,49.94,2788809.95255,39.98604838088797,53.0721409296777,53.589611306226985,0,0,0
458,2022-05-19 00:00:00,49.94,50.9675,48.2425,50.595,4417694.77465,41.899594120302666,52.6217516697363,53.30441022944346,0,0,0
459,2022-05-19 04:00:00,50.595,52.2475,50.175,51.0675,3631734.32015,43.30397349555862,52.33916045705696,53.09137115997265,0,0,0
460,2022-05-19 08:00:00,51.0675,51.5475,48.275,51.2675,5358535.242825,43.92186426884616,52.14431310122842,52.91766914473716,0,0,0
461,2022-05-19 12:00:00,51.2675,54.05,50.29,53.2625,6860884.0905,49.79904025185931,52.34761981009598,52.95051017857172,0,0,0
462,2022-05-19 16:00:00,53.2625,53.575,51.6,51.6175,2951596.160275,45.55911596170238,52.214870753714884,52.82355682823156,0,0,0
463,2022-05-19 20:00:00,51.6175,52.7,50.715,52.22,3544594.51555,47.32797402040469,52.21580334394854,52.766075225542835,0,0,0
464,2022-05-20 00:00:00,52.22,53.5375,51.45,51.5125,3796138.297275,45.460080595725,52.08793000868516,52.646687108824466,0,0,0
465,2022-05-20 04:00:00,51.5125,52.3925,50.6025,52.115,4369809.254925,47.36520104307446,52.09285182528786,52.59605024131737,0,0,0
466,2022-05-20 08:00:00,52.1125,53.6875,51.83,53.1875,3171989.0287,50.668566442536125,52.29187876614461,52.65237878976333,0,0,0
467,2022-05-20 12:00:00,53.1875,53.235,49.3,49.4425,4252584.438575,40.99379026698897,51.77380989957287,52.34667604788112,0,0,0
468,2022-05-20 16:00:00,49.4425,50.32,47.815,50.205,5144296.51655,43.364947358133456,51.488571736014165,52.14270690046387,0,0,0
469,2022-05-20 20:00:00,50.205,50.775,49.325,49.4475,3017816.076625,41.577440045331805,51.11746778401159,51.88602052899112,0,0,0
470,2022-05-21 00:00:00,49.4475,50.265,48.4375,50.145,3231342.003875,43.871672216453156,50.94065545964584,51.720209050039585,0,0,0
471,2022-05-21 04:00:00,50.145,50.385,49.4525,50.01,2375894.031225,43.51548782923289,50.77144537607386,51.55733199765486,0,0,0
472,2022-05-21 08:00:00,50.01,50.2075,48.9675,49.4375,1889176.661925,41.959703104619756,50.52890985315133,51.35544323597345,0,0,0
473,2022-05-21 12:00:00,49.4375,50.8475,48.99,50.7,3362485.28795,46.502079580653785,50.56001715257836,51.29302007064265,0,0,0
474,2022-05-21 16:00:00,50.7,51.21,49.9575,50.2125,2145213.93665,45.03638023321475,50.496832215745926,51.19011339724811,0,0,0
475,2022-05-21 20:00:00,50.2125,50.65,49.455,50.3075,1204569.3883,45.39755572464838,50.46240817651939,51.10605497846258,0,0,0
476,2022-05-22 00:00:00,50.3075,50.7425,49.9375,50.1625,1038467.696125,44.91244737747331,50.40787941715223,51.016192599561386,0,0,0
477,2022-05-22 04:00:00,50.1625,50.5325,49.69,50.2725,2325927.35845,45.38920118766374,50.38326497767,50.94536473293649,0,0,0
478,2022-05-22 08:00:00,50.2725,52.0725,50.1975,51.5025,2303706.9386,50.543409607305065,50.58676225445727,50.99842523456159,0,0,0
479,2022-05-22 12:00:00,51.5025,52.8925,51.35,51.8075,2324525.23405,51.75925093361765,50.80871457182867,51.07547997412715,0,0,0
480,2022-05-22 16:00:00,51.8075,52.215,51.1425,51.415,1576893.0508,50.05389471344667,50.91894828604164,51.10781521468647,0,0,0
481,2022-05-22 20:00:00,51.415,53.17,51.3,52.4975,2677409.551325,54.50589496626627,51.205957688579524,51.24016614662109,0,0,0
482,2022-05-23 00:00:00,52.4975,53.1525,51.83,52.23,1328987.83615,53.242916478144416,51.39214719974687,51.33443603741908,1,0,0
483,2022-05-23 04:00:00,52.23,54.37,51.8975,53.565,3631408.93295,58.420996076618074,51.78721134524744,51.54687070052203,0,0,0
484,2022-05-23 08:00:00,53.565,54.68,52.935,54.015,2347591.918025,60.027915272584835,52.19226382792972,51.78193063380564,0,0,0
485,2022-05-23 12:00:00,54.015,54.685,52.2325,53.8775,4806475.7561,59.2741088064113,52.49867040466977,51.98150866868129,0,0,0
486,2022-05-23 16:00:00,53.8775,54.41,50.04,50.08,5619952.26945,43.155636111856516,52.05891214927526,51.80041260499736,0,0,0
487,2022-05-23 20:00:00,50.08,51.05,48.6175,49.17,3003863.4556,40.32574608141753,51.53365539486157,51.54989711880714,2,0,0
488,2022-05-24 00:00:00,49.17,49.9575,48.9,49.895,1965467.01145,43.50429407915026,51.235718050341276,51.39228786939693,0,0,0
489,2022-05-24 04:00:00,49.895,50.325,49.3775,49.825,2127789.183225,43.26467579911991,50.97922385937014,51.24302235802579,0,0,0
490,2022-05-24 08:00:00,49.825,49.98,48.6925,49.5325,3609999.66635,42.21826851996846,50.71618315766647,51.08011546678524,0,0,0
491,2022-05-24 12:00:00,49.5325,50.5725,47.0625,50.0825,5440405.08525,44.91609208846428,50.60096803809075,50.98510446994855,0,0,0
492,2022-05-24 16:00:00,50.0825,50.8475,48.555,49.065,3165154.983125,41.093543643807244,50.321701122074245,50.802237377572496,0,0,0
493,2022-05-24 20:00:00,49.065,50.1025,48.735,49.695,2199586.503125,44.25679556351557,50.207755463515284,50.696786198756065,0,0,0
494,2022-05-25 00:00:00,49.6925,50.58,49.0075,50.345,3484110.52205,47.395505790374514,50.23270901560341,50.66328275125549,0,0,0
495,2022-05-25 04:00:00,50.345,50.345,48.57,48.8425,3155720.79085,41.56892358947517,49.979943740039154,50.489874870183534,0,0,0
496,2022-05-25 08:00:00,48.8425,49.365,47.5775,47.6875,2460024.0897,37.729147541171976,49.56313578730476,50.22298202540415,0,0,0
497,2022-05-25 12:00:00,47.6675,48.9725,47.5575,48.245,2521382.168175,40.58214670570484,49.32347473506753,50.034602784889465,0,0,0
498,2022-05-25 16:00:00,48.245,49.135,47.8025,48.32,2994999.6328,40.97394421644261,49.14102478323707,49.87130728156666,0,0,0
499,2022-05-25 20:00:00,48.3175,48.7075,48.1525,48.645,387949.369125,42.73605323340023,49.05083845901215,49.75451611189364,0,0,0
